{
    "HINTS_LO_ALPHA": 0.4,
    "HINTS_ALPHA": 0.6,
    "TERRITORY_DISPLAY": "shaded",
    "STONE_MARKS": "none",
    "BOARD_TEXTURE": "kaya.png",
    "STONE_MIN_ALPHA": 1,
    "OWNERSHIP_COLORS": {"B": [0.0, 0.0, 0.0, 0.5], "W": [1.0, 1.0, 1.0, 0.7]},

    "EVAL_COLORS" : {
        "theme:normal": [
            [0.4, 0, 0, 0.8],
            [0.8, 0, 0, 0.8],
            [0.9, 0.4, 0.1, 0.8],
            [0.95, 0.95, 0, 0.8],
            [0.67, 0.9, 0.18, 0.8],
            [0.117, 0.588, 0, 0.8]
        ],
        "theme:red-green-colourblind": [
            [1, 0, 1, 1],
            [1, 0, 0, 1],
            [1, 0.5, 0, 1],
            [1, 1, 0, 1],
            [0, 1, 1, 1],
            [0, 0, 1, 1]
        ]
    }
}
